,MAE,MSE,RMSE,R2,set,modelo
0,50.91228187919463,6436.31449075317,80.22664451884529,0.034782373865651195,test,Decission Tree Label
1,6.476005106863721e-17,1.1261512890651093e-30,1.0612027558695413e-15,1.0,train,Decission Tree Label
0,49.479049217002235,5654.154669463087,75.19411326336049,0.15468044456767482,test,Decission Tree Dummie 1
1,1.98808823659793e-17,2.825243309129533e-31,5.315301787414834e-16,1.0,train,Decission Tree Dummie 1
0,58.03948158166257,5461.670767109362,73.90311743836901,0.18345758567495551,test,Decission Tree 2 Dummie
1,59.50146113652406,6052.6539936749405,77.79880457741585,0.17777276931157637,train,Decission Tree 2 Dummie
0,47.999358687546604,6235.454516331097,78.96489420198762,0.06490420647274509,test,Decission Tree Orden 1
1,2.726738992363672e-17,3.874929166675645e-31,6.224892904039109e-16,1.0,train,Decission Tree Orden 1
