,MAE,MSE,RMSE,R2,set,modelo
0,0.35901572775590473,0.20883673225152335,0.456986577758607,0.5402635594494241,test,Linear Regresion Label 1
1,0.37160744054707157,0.2241389427460885,0.4734331449593369,0.5272658513484234,train,Linear Regression Label 1
0,5113565.304293888,3526985925299069.5,59388432.588333815,-7764361842322142.0,test,Linear Regresion Dummie 1
1,0.24224857672512126,0.10754101640756221,0.32793446968496953,0.7731839446831631,train,Linear Regression Dummie 1
0,0.3285266253590846,0.17694873793156943,0.420652752197783,0.6104622876467987,test,Linear Regresion Orden 1
1,0.33130814901130456,0.17884062353068944,0.4228955231859158,0.6228050829842999,train,Linear Regression Orden 1
