,MAE,MSE,RMSE,R2,set,modelo,type
0,2.2072699886148195,7.893886117665571,2.809606043142983,0.5402635594494237,test,Linear Regresion,Label 1
1,2.284685287167135,8.472299243030697,2.9107214299947524,0.5272658513484234,train,Linear Regression,Label 1
0,1.6246319751358154,4.7368215072357485,2.1764240182546573,0.724129607800324,test,Linear Regresion,Dummie 1
1,1.489371902215773,4.064977108927299,2.0161788385277974,0.7731839447883473,train,Linear Regression,Dummie 1
