,MAE,MSE,RMSE,R2,set,modelo,type
0,27879991.557173114,1.0096727890953144e+17,317753487.6433797,-6119675055366276.0,test,Linear Regresion,Dummie
1,0.6545078001347847,0.9089532533367022,0.9533903992262048,0.9456784106126555,train,Linear Regression,Dummie
