,MAE,MSE,RMSE,R2,set,modelo
0,0.44240409847814915,0.48662784909405143,0.6975871623632788,0.014295613285494557,test,Decission Tree Label
1,2.1302648377841187e-19,1.4781681696608142e-35,3.844695267067098e-18,1.0,train,Decission Tree Label
0,0.4085830814581772,0.36993872386748405,0.6082258822735876,0.25295843257237716,test,Decission Tree Dummie 1
1,1.9220774943671393e-19,4.1425815465799876e-35,6.436288951391157e-18,1.0,train,Decission Tree Dummie 1
0,0.4294585440643496,0.34710632385601303,0.5891572997561967,0.29906539784053254,test,Decission Tree 2 Dummie
1,0.4368916258284211,0.3853909869746977,0.6207986686315441,0.29285365020380183,train,Decission Tree 2 Dummie
0,0.4323555277341143,0.471938400059887,0.6869777289402379,0.04405029004382477,test,Decission Tree Orden 1
1,1.3314155236150742e-19,1.2564429442116922e-35,3.544633893946866e-18,1.0,train,Decission Tree Orden 1
