,MAE,MSE,RMSE,R2,set,modelo
0,51.244204081632645,7109.42545657143,84.31740897686213,-0.050468993673868257,test,Decission Tree 1 Label
1,2.9854736796642864e-17,8.48522654355374e-31,9.211528941252772e-16,1.0,train,Decission Tree 1 Label
0,47.51383108935129,5215.515227417381,72.21852412932142,0.2133528902039492,test,Decission Tree 2 Dummie
1,6.530723674265627e-18,4.640358266005952e-32,2.1541490816575234e-16,1.0,train,Decission Tree 2 Dummie
0,64.1452215444776,6633.480452340297,81.44618132448137,-0.0005163436759914042,test,Decission Tree 2 Dummie
1,66.35504102238316,7465.112710929982,86.40088373928812,-2.220446049250313e-16,train,Decission Tree 2 Dummie
