,MAE,MSE,RMSE,R2,set,modelo,type
0,8049304.992342744,8164660317552098.0,90358509.93432826,-494863966034303.1,test,Linear Regresion,Dummie
1,0.6545077578140985,0.9089532545036708,0.9533903998382146,0.9456784105429141,train,Linear Regression,Dummie
