,accuracy,precision,recall,f1,kapppa,set,modelo
0,0.7553475935828877,0.7313432835820896,0.7967479674796748,0.7626459143968871,0.5111844360644497,test,RLog balanceada
1,0.7585284280936455,0.7392373923739237,0.8013333333333333,0.7690339091490722,0.5169152826076254,train,RLog balanceada
0,0.7882018479033405,0.6225806451612903,0.516042780748663,0.5643274853801169,0.4260350331550099,test,RLog desbalanceada
1,0.8042666666666667,0.6553627760252366,0.5558528428093645,0.6015200868621065,0.47295042659687136,train,RLog desbalanceada
