,accuracy,precision,recall,f1,kapppa,set,modelo
0,0.767379679144385,0.7506426735218509,0.7913279132791328,0.7704485488126649,0.535008681609992,test,RLog balanceada
1,0.7682274247491638,0.7495361781076066,0.808,0.7776708373435997,0.5363283006961553,train,RLog balanceada
0,0.7882018479033405,0.6233766233766234,0.5133689839572193,0.5630498533724341,0.42499760007679754,test,RLog desbalanceada
1,0.8051555555555555,0.6587112171837709,0.5538461538461539,0.6017441860465116,0.47404656543449386,train,RLog desbalanceada
