,accuracy,precision,recall,f1,kapppa,set,modelo
0,0.7580213903743316,0.7373737373737373,0.7913279132791328,0.7633986928104575,0.5164230708785165,test,RLog balanceada
1,0.7615384615384615,0.7421538461538462,0.804,0.7718400000000001,0.5229381818181817,train,RLog balanceada
0,0.7882018479033405,0.6225806451612903,0.516042780748663,0.5643274853801169,0.4260350331550099,test,RLog desbalanceada
1,0.8042666666666667,0.6553627760252366,0.5558528428093645,0.6015200868621065,0.47295042659687136,train,RLog desbalanceada
